2018-06-09 13:12:19,Roboreef is too hot. Temp = 27.1206666667 C  ,Email sent!,
2018-06-09 13:12:21,Roboreef EC1 is too low. EC1 = 36.4636666667,Email sent!,
2018-06-09 13:19:04,Roboreef is too hot. Temp = 27.0784333333 C  ,Email sent!,
2018-06-09 13:19:05,Roboreef EC1 is too low. EC1 = 36.4386666667,Email sent!,
2018-06-09 13:31:12,Roboreef is too hot. Temp = 27.0017666667 C  ,Email sent!,
2018-06-10 08:05:39,Roboreef is too hot. Temp = 26.554 C  ,Email sent!,
2018-06-10 08:06:48,Roboreef is too hot. Temp = 26.552 C  ,Email sent!,
2018-06-10 20:40:47,Roboreef is too hot. Temp = 28.3956666667 C  ,Email sent!,
2018-06-10 20:41:10,Roboreef is too hot. Temp = 28.6083333333 C  ,Email sent!,
2018-06-10 20:43:04,Roboreef is too basic. pH = 10.1063333333 ,Email sent!,
2018-06-10 20:43:27,Roboreef is too basic. pH = 10.128 ,Email sent!,
2018-06-10 20:43:51,Roboreef is too basic. pH = 10.1366666667 ,Email sent!,
2018-06-10 20:44:37,Roboreef EC1 is too low. EC1 = 2504.13333333,Email sent!,
2018-06-10 20:45:00,Roboreef EC1 is too low. EC1 = 815.733333333,Email sent!,
2018-06-10 20:45:24,Roboreef EC1 is too low. EC1 = 601.566666667,Email sent!,
2018-06-11 19:58:04,Roboreef EC2 is too high. EC2 = 37.01375,Email sent!,
2018-06-12 10:28:46,Roboreef is too hot. Temp = 27.008125 C  ,Email sent!,
2018-06-12 10:30:48,Roboreef is too hot. Temp = 27.007125 C  ,Email sent!,
2018-06-12 10:32:49,Roboreef is too hot. Temp = 27.0196875 C  ,Email sent!,
2018-06-12 10:34:51,Roboreef is too hot. Temp = 27.0351875 C  ,Email sent!,
2018-06-12 10:36:52,Roboreef is too hot. Temp = 27.0459375 C  ,Email sent!,
2018-06-12 10:38:54,Roboreef is too hot. Temp = 27.0583125 C  ,Email sent!,
2018-06-12 10:40:55,Roboreef is too hot. Temp = 27.073 C  ,Email sent!,
2018-06-12 10:42:56,Roboreef is too hot. Temp = 27.080375 C  ,Email sent!,
2018-06-12 10:44:58,Roboreef is too hot. Temp = 27.09325 C  ,Email sent!,
2018-06-12 10:46:59,Roboreef is too hot. Temp = 27.101 C  ,Email sent!,
2018-06-12 10:49:00,Roboreef is too hot. Temp = 27.10975 C  ,Email sent!,
2018-06-12 10:51:02,Roboreef is too hot. Temp = 27.1234375 C  ,Email sent!,
2018-06-12 10:53:04,Roboreef is too hot. Temp = 27.135 C  ,Email sent!,
2018-06-12 10:55:05,Roboreef is too hot. Temp = 27.1501875 C  ,Email sent!,
2018-06-12 10:57:07,Roboreef is too hot. Temp = 27.1571875 C  ,Email sent!,
2018-06-12 10:59:08,Roboreef is too hot. Temp = 27.1625625 C  ,Email sent!,
2018-06-12 11:01:10,Roboreef is too hot. Temp = 27.1790625 C  ,Email sent!,
2018-06-12 11:03:12,Roboreef is too hot. Temp = 27.1885625 C  ,Email sent!,
2018-06-18 17:44:59,Roboreef EC2 is too high. EC2 = 37.163125 ,Email sent!,
2018-06-21 03:06:19,Roboreef ORP is too high. ORP = 300.03125 ,Email sent!,
2018-06-21 03:50:11,Roboreef ORP is too high. ORP = 300.01874999999995 ,Email sent!,
2018-06-21 03:52:24,Roboreef ORP is too high. ORP = 300.0875 ,Email sent!,
2018-06-21 03:54:38,Roboreef ORP is too high. ORP = 300.03125 ,Email sent!,
2018-06-21 03:59:03,Roboreef ORP is too high. ORP = 300.06875 ,Email sent!,
2018-06-21 04:01:16,Roboreef ORP is too high. ORP = 300.11249999999995 ,Email sent!,
2018-06-21 04:03:29,Roboreef ORP is too high. ORP = 300.4125 ,Email sent!,
2018-06-21 04:05:42,Roboreef ORP is too high. ORP = 300.58125000000007 ,Email sent!,
2018-06-21 04:07:55,Roboreef ORP is too high. ORP = 300.70000000000005 ,Email sent!,
2018-06-21 04:10:09,Roboreef ORP is too high. ORP = 300.81875 ,Email sent!,
2018-06-21 04:12:22,Roboreef ORP is too high. ORP = 301.04375 ,Email sent!,
2018-06-21 04:14:36,Roboreef ORP is too high. ORP = 300.93125 ,Email sent!,
2018-06-21 04:16:49,Roboreef ORP is too high. ORP = 301.06875 ,Email sent!,
2018-06-21 04:19:02,Roboreef ORP is too high. ORP = 301.225 ,Email sent!,
2018-06-21 04:21:15,Roboreef ORP is too high. ORP = 301.56874999999997 ,Email sent!,
2018-06-21 04:23:28,Roboreef ORP is too high. ORP = 301.63125 ,Email sent!,
2018-06-21 04:25:42,Roboreef ORP is too high. ORP = 301.81874999999997 ,Email sent!,
2018-06-21 04:27:55,Roboreef ORP is too high. ORP = 301.83125 ,Email sent!,
2018-06-21 04:30:08,Roboreef ORP is too high. ORP = 301.98125 ,Email sent!,
2018-06-21 04:32:22,Roboreef ORP is too high. ORP = 302.03125 ,Email sent!,
2018-06-21 04:34:36,Roboreef ORP is too high. ORP = 302.15 ,Email sent!,
2018-06-21 04:36:49,Roboreef ORP is too high. ORP = 302.1875 ,Email sent!,
2018-06-21 04:39:02,Roboreef ORP is too high. ORP = 302.24375 ,Email sent!,
2018-06-21 04:41:16,Roboreef ORP is too high. ORP = 302.2875 ,Email sent!,
2018-06-21 04:43:29,Roboreef ORP is too high. ORP = 302.42499999999995 ,Email sent!,
2018-06-21 04:45:42,Roboreef ORP is too high. ORP = 302.6125 ,Email sent!,
2018-06-21 04:47:56,Roboreef ORP is too high. ORP = 302.75625 ,Email sent!,
2018-06-21 04:50:10,Roboreef ORP is too high. ORP = 302.95 ,Email sent!,
2018-06-21 04:52:23,Roboreef ORP is too high. ORP = 303.0375 ,Email sent!,
2018-06-21 04:54:37,Roboreef ORP is too high. ORP = 303.0 ,Email sent!,
2018-06-21 04:56:50,Roboreef ORP is too high. ORP = 302.96875 ,Email sent!,
2018-06-21 04:59:04,Roboreef ORP is too high. ORP = 302.99375 ,Email sent!,
2018-06-21 05:01:17,Roboreef ORP is too high. ORP = 303.07500000000005 ,Email sent!,
2018-06-21 05:03:31,Roboreef ORP is too high. ORP = 303.0 ,Email sent!,
2018-06-21 05:05:44,Roboreef ORP is too high. ORP = 302.90625 ,Email sent!,
2018-06-21 05:07:58,Roboreef ORP is too high. ORP = 302.94374999999997 ,Email sent!,
2018-06-21 05:10:11,Roboreef ORP is too high. ORP = 302.98125 ,Email sent!,
2018-06-21 05:12:25,Roboreef ORP is too high. ORP = 302.91875 ,Email sent!,
2018-06-21 05:14:38,Roboreef ORP is too high. ORP = 302.89374999999995 ,Email sent!,
2018-06-21 05:16:52,Roboreef ORP is too high. ORP = 302.92499999999995 ,Email sent!,
2018-06-21 05:19:06,Roboreef ORP is too high. ORP = 302.95624999999995 ,Email sent!,
2018-06-21 05:21:19,Roboreef ORP is too high. ORP = 303.09375 ,Email sent!,
2018-06-21 05:23:33,Roboreef ORP is too high. ORP = 303.0625 ,Email sent!,
2018-06-21 05:25:46,Roboreef ORP is too high. ORP = 303.0625 ,Email sent!,
2018-06-21 05:28:00,Roboreef ORP is too high. ORP = 302.9875 ,Email sent!,
2018-06-21 05:30:13,Roboreef ORP is too high. ORP = 303.14375 ,Email sent!,
2018-06-21 05:32:27,Roboreef ORP is too high. ORP = 303.19375 ,Email sent!,
2018-06-21 05:34:41,Roboreef ORP is too high. ORP = 303.53125 ,Email sent!,
2018-06-21 05:36:54,Roboreef ORP is too high. ORP = 303.725 ,Email sent!,
2018-06-21 05:39:08,Roboreef ORP is too high. ORP = 303.6875 ,Email sent!,
2018-06-21 05:41:22,Roboreef ORP is too high. ORP = 303.80625000000003 ,Email sent!,
2018-06-21 05:43:35,Roboreef ORP is too high. ORP = 304.0375 ,Email sent!,
2018-06-21 05:45:49,Roboreef ORP is too high. ORP = 304.01874999999995 ,Email sent!,
2018-06-21 05:48:03,Roboreef ORP is too high. ORP = 304.14374999999995 ,Email sent!,
2018-06-21 05:50:16,Roboreef ORP is too high. ORP = 304.0875 ,Email sent!,
2018-06-21 05:52:30,Roboreef ORP is too high. ORP = 304.15 ,Email sent!,
2018-06-21 05:54:44,Roboreef ORP is too high. ORP = 304.06875 ,Email sent!,
2018-06-21 05:56:58,Roboreef ORP is too high. ORP = 304.21875 ,Email sent!,
2018-06-21 05:59:12,Roboreef ORP is too high. ORP = 304.25624999999997 ,Email sent!,
2018-06-21 06:01:25,Roboreef ORP is too high. ORP = 304.14374999999995 ,Email sent!,
2018-06-21 06:03:40,Roboreef ORP is too high. ORP = 304.3375 ,Email sent!,
2018-06-21 06:05:54,Roboreef ORP is too high. ORP = 304.4375 ,Email sent!,
2018-06-21 06:08:08,Roboreef ORP is too high. ORP = 304.23125000000005 ,Email sent!,
2018-06-21 08:22:47,Roboreef EC1 is too low. EC1 = 28430.8375 ,Email sent!,
2018-06-21 08:22:49,Roboreef EC2 is too low. EC2 = 18.831875 ,Email sent!,
2018-06-21 08:24:53,Roboreef EC2 is too low. EC2 = 21.37875 ,Email sent!,
2018-06-21 08:26:55,Roboreef EC1 is too low. EC1 = 27736.98375 ,Email sent!,
2018-06-21 08:26:57,Roboreef EC2 is too low. EC2 = 18.336875 ,Email sent!,
2018-06-21 08:31:00,Roboreef EC2 is too low. EC2 = 26.99625 ,Email sent!,
2018-06-23 14:09:15,Roboreef EC2 is too high. EC2 = 37.010000000000005 ,Email sent!,
2018-06-23 14:13:53,Roboreef EC2 is too high. EC2 = 37.006875 ,Email sent!,
2018-06-23 14:16:13,Roboreef EC2 is too high. EC2 = 37.01125 ,Email sent!,
2018-06-23 14:18:35,Roboreef EC2 is too high. EC2 = 37.00875 ,Email sent!,
2018-06-23 14:20:55,Roboreef EC2 is too high. EC2 = 37.011250000000004 ,Email sent!,
2018-06-23 14:23:14,Roboreef EC2 is too high. EC2 = 37.01375 ,Email sent!,
2018-06-23 14:25:34,Roboreef EC2 is too high. EC2 = 37.013125 ,Email sent!,
2018-06-23 14:27:53,Roboreef EC2 is too high. EC2 = 37.013125 ,Email sent!,
2018-06-23 14:30:13,Roboreef EC2 is too high. EC2 = 37.024375 ,Email sent!,
2018-06-23 14:32:33,Roboreef EC2 is too high. EC2 = 37.011875 ,Email sent!,
2018-06-23 14:34:52,Roboreef EC2 is too high. EC2 = 37.022499999999994 ,Email sent!,
2018-06-23 14:37:11,Roboreef EC2 is too high. EC2 = 37.02375 ,Email sent!,
2018-06-23 14:39:31,Roboreef EC2 is too high. EC2 = 37.029375 ,Email sent!,
2018-06-23 14:41:50,Roboreef EC2 is too high. EC2 = 37.04125 ,Email sent!,
2018-06-23 14:44:10,Roboreef EC2 is too low. EC2 = 23.91125 ,Email sent!,
2018-06-23 14:48:48,Roboreef EC2 is too low. EC2 = 27.68 ,Email sent!,
2018-06-23 15:23:49,Roboreef EC2 is too high. EC2 = 37.548125 ,Email sent!,
2018-06-23 15:26:11,Roboreef EC2 is too low. EC2 = 32.813125 ,Email sent!,
2018-06-23 22:11:58,Roboreef EC2 is too low. EC2 = 34.996875 ,Email sent!,
2018-06-23 22:22:15,Roboreef EC2 is too low. EC2 = 34.99062500000001 ,Email sent!,
2018-06-23 22:30:32,Roboreef EC2 is too low. EC2 = 34.97687500000001 ,Email sent!,
2018-06-23 22:34:41,Roboreef EC2 is too low. EC2 = 34.985 ,Email sent!,
2018-06-23 22:36:46,Roboreef EC2 is too low. EC2 = 34.9925 ,Email sent!,
2018-06-23 22:45:01,Roboreef EC2 is too low. EC2 = 34.985 ,Email sent!,
2018-06-23 22:47:07,Roboreef EC2 is too low. EC2 = 34.9875 ,Email sent!,
2018-06-23 22:49:11,Roboreef EC2 is too low. EC2 = 34.995625000000004 ,Email sent!,
2018-06-23 22:51:16,Roboreef EC2 is too low. EC2 = 34.9375 ,Email sent!,
2018-06-23 22:53:21,Roboreef EC2 is too low. EC2 = 34.978125 ,Email sent!,
2018-06-23 22:55:26,Roboreef EC2 is too low. EC2 = 34.99625 ,Email sent!,
2018-06-23 22:59:36,Roboreef EC2 is too low. EC2 = 34.9825 ,Email sent!,
2018-06-23 23:01:41,Roboreef EC2 is too low. EC2 = 34.945625 ,Email sent!,
2018-06-23 23:03:46,Roboreef EC2 is too low. EC2 = 34.913125 ,Email sent!,
2018-06-23 23:05:51,Roboreef EC2 is too low. EC2 = 34.959375 ,Email sent!,
2018-06-23 23:07:56,Roboreef EC2 is too low. EC2 = 34.935625 ,Email sent!,
2018-06-23 23:10:01,Roboreef EC2 is too low. EC2 = 34.93875 ,Email sent!,
2018-06-23 23:12:07,Roboreef EC2 is too low. EC2 = 34.923750000000005 ,Email sent!,
2018-06-23 23:14:12,Roboreef EC2 is too low. EC2 = 34.875625 ,Email sent!,
2018-06-23 23:16:18,Roboreef EC2 is too low. EC2 = 34.94625 ,Email sent!,
2018-06-23 23:18:24,Roboreef EC2 is too low. EC2 = 34.92375 ,Email sent!,
2018-06-23 23:21:48,Roboreef EC2 is too low. EC2 = 34.865 ,Email sent!,
2018-06-23 23:23:51,Roboreef EC2 is too low. EC2 = 34.90625 ,Email sent!,
2018-06-23 23:25:53,Roboreef EC2 is too low. EC2 = 34.878125 ,Email sent!,
2018-06-23 23:27:56,Roboreef EC2 is too low. EC2 = 34.885625 ,Email sent!,
2018-06-23 23:29:59,Roboreef EC2 is too low. EC2 = 34.85124999999999 ,Email sent!,
2018-06-23 23:32:02,Roboreef EC2 is too low. EC2 = 34.864374999999995 ,Email sent!,
2018-06-23 23:34:04,Roboreef EC2 is too low. EC2 = 34.939375 ,Email sent!,
2018-06-23 23:36:07,Roboreef EC2 is too low. EC2 = 34.838125 ,Email sent!,
2018-06-23 23:38:09,Roboreef EC2 is too low. EC2 = 34.85625 ,Email sent!,
2018-06-23 23:40:12,Roboreef EC2 is too low. EC2 = 34.886250000000004 ,Email sent!,
2018-06-23 23:42:15,Roboreef EC2 is too low. EC2 = 34.804375 ,Email sent!,
2018-06-23 23:44:18,Roboreef EC2 is too low. EC2 = 34.819375 ,Email sent!,
2018-06-23 23:46:21,Roboreef EC2 is too low. EC2 = 34.895625 ,Email sent!,
2018-06-23 23:48:24,Roboreef EC2 is too low. EC2 = 34.803124999999994 ,Email sent!,
2018-06-23 23:50:26,Roboreef EC2 is too low. EC2 = 34.868750000000006 ,Email sent!,
2018-06-23 23:52:29,Roboreef EC2 is too low. EC2 = 34.860625 ,Email sent!,
2018-06-23 23:54:32,Roboreef EC2 is too low. EC2 = 34.78625 ,Email sent!,
2018-06-23 23:56:37,Roboreef EC2 is too low. EC2 = 34.88 ,Email sent!,
2018-06-23 23:58:40,Roboreef EC2 is too low. EC2 = 34.835625 ,Email sent!,
2018-06-24 00:00:43,Roboreef EC2 is too low. EC2 = 34.846875 ,Email sent!,
2018-06-24 00:02:46,Roboreef EC2 is too low. EC2 = 34.89875 ,Email sent!,
2018-06-24 00:04:48,Roboreef EC2 is too low. EC2 = 34.822500000000005 ,Email sent!,
2018-06-24 00:06:51,Roboreef EC2 is too low. EC2 = 34.85375 ,Email sent!,
2018-06-24 00:08:54,Roboreef EC2 is too low. EC2 = 34.849375 ,Email sent!,
2018-06-24 00:10:57,Roboreef EC2 is too low. EC2 = 34.480625 ,Email sent!,
2018-06-24 00:13:00,Roboreef EC2 is too low. EC2 = 34.364374999999995 ,Email sent!,
2018-06-24 00:15:02,Roboreef EC2 is too low. EC2 = 34.346875 ,Email sent!,
2018-06-24 00:17:05,Roboreef EC2 is too low. EC2 = 34.3425 ,Email sent!,
2018-06-24 00:19:08,Roboreef EC2 is too low. EC2 = 34.450625 ,Email sent!,
2018-06-24 00:21:10,Roboreef EC2 is too low. EC2 = 34.599374999999995 ,Email sent!,
2018-06-24 00:23:13,Roboreef EC2 is too low. EC2 = 34.56 ,Email sent!,
2018-06-24 00:25:16,Roboreef EC2 is too low. EC2 = 34.635625000000005 ,Email sent!,
2018-06-24 00:27:19,Roboreef EC2 is too low. EC2 = 34.62375 ,Email sent!,
2018-06-24 00:29:21,Roboreef EC2 is too low. EC2 = 34.56 ,Email sent!,
2018-06-24 00:31:27,Roboreef EC2 is too low. EC2 = 34.61 ,Email sent!,
2018-06-24 00:33:30,Roboreef EC2 is too low. EC2 = 34.666250000000005 ,Email sent!,
2018-06-24 00:35:33,Roboreef EC2 is too low. EC2 = 34.590625 ,Email sent!,
2018-06-24 00:37:36,Roboreef EC2 is too low. EC2 = 34.653125 ,Email sent!,
2018-06-24 00:39:39,Roboreef EC2 is too low. EC2 = 34.548125 ,Email sent!,
2018-06-24 00:41:44,Roboreef EC2 is too low. EC2 = 34.675625 ,Email sent!,
2018-06-24 00:43:48,Roboreef EC2 is too low. EC2 = 34.448125 ,Email sent!,
2018-06-24 00:45:50,Roboreef EC2 is too low. EC2 = 34.35625 ,Email sent!,
2018-06-24 00:47:53,Roboreef EC2 is too low. EC2 = 34.5075 ,Email sent!,
2018-06-24 00:49:56,Roboreef EC2 is too low. EC2 = 34.540625 ,Email sent!,
2018-06-24 00:51:59,Roboreef EC2 is too low. EC2 = 34.582499999999996 ,Email sent!,
2018-06-24 00:54:01,Roboreef EC2 is too low. EC2 = 34.607499999999995 ,Email sent!,
2018-06-24 00:56:04,Roboreef EC2 is too low. EC2 = 34.58 ,Email sent!,
2018-06-24 00:58:07,Roboreef EC2 is too low. EC2 = 34.513125 ,Email sent!,
2018-06-24 01:00:12,Roboreef EC2 is too low. EC2 = 34.661874999999995 ,Email sent!,
2018-06-24 01:02:14,Roboreef EC2 is too low. EC2 = 34.545 ,Email sent!,
2018-06-24 01:04:18,Roboreef EC2 is too low. EC2 = 34.70125 ,Email sent!,
2018-06-24 01:06:20,Roboreef EC2 is too low. EC2 = 34.73625 ,Email sent!,
2018-06-24 01:08:23,Roboreef EC2 is too low. EC2 = 34.571875 ,Email sent!,
2018-06-24 01:12:19,Roboreef EC2 is too low. EC2 = 34.588750000000005 ,Email sent!,
2018-06-24 01:14:22,Roboreef EC2 is too low. EC2 = 34.903125 ,Email sent!,
2018-06-24 13:51:00,Roboreef EC2 is too low. EC2 = 31.701875 ,Email sent!,
2018-06-24 13:53:03,Roboreef EC2 is too low. EC2 = 32.53625 ,Email sent!,
2018-06-24 13:55:06,Roboreef EC2 is too low. EC2 = 32.962500000000006 ,Email sent!,
2018-06-24 13:57:08,Roboreef EC2 is too low. EC2 = 32.740625 ,Email sent!,
2018-06-24 13:59:11,Roboreef EC2 is too low. EC2 = 32.775625 ,Email sent!,
2018-06-24 14:01:14,Roboreef EC2 is too low. EC2 = 32.69125 ,Email sent!,
2018-06-24 14:03:32,Roboreef EC2 is too low. EC2 = 32.784375 ,Email sent!,
2018-06-24 14:05:35,Roboreef EC2 is too low. EC2 = 32.809999999999995 ,Email sent!,
2018-06-24 14:07:38,Roboreef EC2 is too low. EC2 = 32.694375 ,Email sent!,
2018-06-24 14:09:40,Roboreef EC2 is too low. EC2 = 32.629374999999996 ,Email sent!,
2018-06-24 14:11:43,Roboreef EC2 is too low. EC2 = 32.72125 ,Email sent!,
2018-06-24 14:13:45,Roboreef EC2 is too low. EC2 = 32.64 ,Email sent!,
2018-06-24 14:15:48,Roboreef EC2 is too low. EC2 = 32.595625 ,Email sent!,
2018-06-24 14:17:51,Roboreef EC2 is too low. EC2 = 32.661249999999995 ,Email sent!,
2018-06-24 14:19:53,Roboreef EC2 is too low. EC2 = 32.625625 ,Email sent!,
2018-06-24 14:21:56,Roboreef EC2 is too low. EC2 = 32.596875 ,Email sent!,
2018-06-24 14:23:58,Roboreef EC2 is too low. EC2 = 32.677499999999995 ,Email sent!,
2018-06-24 14:26:01,Roboreef EC2 is too low. EC2 = 33.0225 ,Email sent!,
2018-06-24 14:28:04,Roboreef EC2 is too low. EC2 = 33.535000000000004 ,Email sent!,
2018-06-30 15:30:01,Roboreef EC2 is too low. EC2 = 32.665625 ,Email sent!,
2018-06-30 22:37:07,Roboreef EC2 is too low. EC2 = 33.25625 ,Email sent!,
2018-06-30 22:39:56,Roboreef EC2 is too low. EC2 = 33.677499999999995 ,Email sent!,
2018-06-30 22:42:45,Roboreef EC2 is too low. EC2 = 33.769375 ,Email sent!,
2018-06-30 22:51:11,Roboreef EC2 is too low. EC2 = 33.973749999999995 ,Email sent!,
2018-06-30 22:56:48,Roboreef EC2 is too low. EC2 = 33.9775 ,Email sent!,
2018-06-30 22:59:37,Roboreef EC2 is too low. EC2 = 33.96187499999999 ,Email sent!,
2018-06-30 23:02:27,Roboreef EC2 is too low. EC2 = 33.98 ,Email sent!,
2018-06-30 23:05:16,Roboreef EC2 is too low. EC2 = 33.946875000000006 ,Email sent!,
2018-07-01 03:22:57,Roboreef ORP is too high. ORP = 350.03125 ,Email sent!,
2018-07-01 03:25:01,Roboreef ORP is too high. ORP = 350.2125 ,Email sent!,
2018-07-01 03:27:05,Roboreef ORP is too high. ORP = 350.2875 ,Email sent!,
2018-07-01 03:29:09,Roboreef ORP is too high. ORP = 350.3125 ,Email sent!,
2018-07-01 03:31:13,Roboreef ORP is too high. ORP = 350.15000000000003 ,Email sent!,
2018-07-01 03:33:17,Roboreef ORP is too high. ORP = 350.18125 ,Email sent!,
2018-07-01 03:35:21,Roboreef ORP is too high. ORP = 350.4125 ,Email sent!,
2018-07-01 03:37:25,Roboreef ORP is too high. ORP = 350.36875 ,Email sent!,
2018-07-01 03:39:28,Roboreef ORP is too high. ORP = 350.3875 ,Email sent!,
2018-07-01 03:41:32,Roboreef ORP is too high. ORP = 350.36249999999995 ,Email sent!,
2018-07-01 03:43:36,Roboreef ORP is too high. ORP = 350.35 ,Email sent!,
2018-07-01 03:45:40,Roboreef ORP is too high. ORP = 350.3375 ,Email sent!,
2018-07-01 03:47:45,Roboreef ORP is too high. ORP = 350.38124999999997 ,Email sent!,
2018-07-01 03:49:49,Roboreef ORP is too high. ORP = 350.42499999999995 ,Email sent!,
2018-07-01 03:52:11,Roboreef ORP is too high. ORP = 350.40625 ,Email sent!,
2018-07-01 03:54:16,Roboreef ORP is too high. ORP = 350.53125 ,Email sent!,
2018-07-01 03:56:20,Roboreef ORP is too high. ORP = 350.63125 ,Email sent!,
2018-07-01 03:58:24,Roboreef ORP is too high. ORP = 350.80625 ,Email sent!,
2018-07-01 04:00:28,Roboreef ORP is too high. ORP = 350.81875 ,Email sent!,
2018-07-01 04:02:32,Roboreef ORP is too high. ORP = 350.8375 ,Email sent!,
2018-07-01 04:04:36,Roboreef ORP is too high. ORP = 350.75625 ,Email sent!,
2018-07-01 04:06:40,Roboreef ORP is too high. ORP = 350.80625 ,Email sent!,
2018-07-01 04:08:44,Roboreef ORP is too high. ORP = 350.9375 ,Email sent!,
2018-07-01 04:10:48,Roboreef ORP is too high. ORP = 350.8375 ,Email sent!,
2018-07-01 04:12:52,Roboreef ORP is too high. ORP = 350.9625 ,Email sent!,
2018-07-01 04:14:56,Roboreef ORP is too high. ORP = 350.90625 ,Email sent!,
2018-07-01 04:17:00,Roboreef ORP is too high. ORP = 350.8375 ,Email sent!,
2018-07-01 04:19:04,Roboreef ORP is too high. ORP = 350.7875 ,Email sent!,
2018-07-01 04:21:08,Roboreef ORP is too high. ORP = 350.79375 ,Email sent!,
2018-07-01 04:23:12,Roboreef ORP is too high. ORP = 350.76874999999995 ,Email sent!,
2018-07-01 04:25:16,Roboreef ORP is too high. ORP = 350.69374999999997 ,Email sent!,
2018-07-01 04:27:20,Roboreef ORP is too high. ORP = 350.73125 ,Email sent!,
2018-07-01 04:29:25,Roboreef ORP is too high. ORP = 350.73749999999995 ,Email sent!,
2018-07-01 04:31:29,Roboreef ORP is too high. ORP = 350.73125 ,Email sent!,
2018-07-01 04:33:34,Roboreef ORP is too high. ORP = 350.81875 ,Email sent!,
2018-07-01 04:35:38,Roboreef ORP is too high. ORP = 350.81874999999997 ,Email sent!,
2018-07-01 04:37:42,Roboreef ORP is too high. ORP = 350.73125 ,Email sent!,
2018-07-01 04:39:47,Roboreef ORP is too high. ORP = 350.8375 ,Email sent!,
2018-07-01 04:41:51,Roboreef ORP is too high. ORP = 350.875 ,Email sent!,
2018-07-01 04:43:56,Roboreef ORP is too high. ORP = 350.9 ,Email sent!,
2018-07-01 04:46:01,Roboreef ORP is too high. ORP = 350.85 ,Email sent!,
2018-07-01 04:48:06,Roboreef ORP is too high. ORP = 350.83124999999995 ,Email sent!,
2018-07-01 04:50:10,Roboreef ORP is too high. ORP = 350.79375 ,Email sent!,
2018-07-01 04:52:15,Roboreef ORP is too high. ORP = 350.75624999999997 ,Email sent!,
2018-07-01 04:54:19,Roboreef ORP is too high. ORP = 350.85 ,Email sent!,
2018-07-01 04:56:23,Roboreef ORP is too high. ORP = 350.81875 ,Email sent!,
2018-07-01 04:58:28,Roboreef ORP is too high. ORP = 350.90625 ,Email sent!,
2018-07-01 05:00:33,Roboreef ORP is too high. ORP = 350.95625 ,Email sent!,
2018-07-01 05:02:38,Roboreef ORP is too high. ORP = 350.84375 ,Email sent!,
2018-07-01 05:04:42,Roboreef ORP is too high. ORP = 350.95 ,Email sent!,
2018-07-01 05:06:46,Roboreef ORP is too high. ORP = 350.93125 ,Email sent!,
2018-07-01 05:08:52,Roboreef ORP is too high. ORP = 350.75624999999997 ,Email sent!,
2018-07-01 05:10:56,Roboreef ORP is too high. ORP = 350.55 ,Email sent!,
2018-07-01 05:13:01,Roboreef ORP is too high. ORP = 350.28125 ,Email sent!,
2018-07-01 05:15:07,Roboreef ORP is too high. ORP = 350.15625 ,Email sent!,
2018-07-01 05:17:11,Roboreef ORP is too high. ORP = 350.025 ,Email sent!,
2018-07-01 05:35:40,Roboreef ORP is too high. ORP = 350.03125 ,Email sent!,
2018-07-01 05:37:46,Roboreef ORP is too high. ORP = 350.16249999999997 ,Email sent!,
2018-07-01 05:39:50,Roboreef ORP is too high. ORP = 350.35 ,Email sent!,
2018-07-01 05:41:55,Roboreef ORP is too high. ORP = 350.475 ,Email sent!,
2018-07-01 05:44:00,Roboreef ORP is too high. ORP = 350.6625 ,Email sent!,
2018-07-01 05:46:05,Roboreef ORP is too high. ORP = 350.6375 ,Email sent!,
2018-07-01 05:48:10,Roboreef ORP is too high. ORP = 350.70000000000005 ,Email sent!,
2018-07-01 05:50:15,Roboreef ORP is too high. ORP = 350.6875 ,Email sent!,
2018-07-01 05:52:20,Roboreef ORP is too high. ORP = 350.6375 ,Email sent!,
2018-07-01 05:54:25,Roboreef ORP is too high. ORP = 350.84375 ,Email sent!,
2018-07-01 05:56:30,Roboreef ORP is too high. ORP = 350.9375 ,Email sent!,
2018-07-01 05:58:36,Roboreef ORP is too high. ORP = 351.05 ,Email sent!,
2018-07-01 06:00:41,Roboreef ORP is too high. ORP = 351.05 ,Email sent!,
2018-07-01 06:02:46,Roboreef ORP is too high. ORP = 351.10625 ,Email sent!,
2018-07-01 06:04:51,Roboreef ORP is too high. ORP = 351.19374999999997 ,Email sent!,
2018-07-01 06:06:56,Roboreef ORP is too high. ORP = 351.175 ,Email sent!,
2018-07-01 06:09:01,Roboreef ORP is too high. ORP = 351.27500000000003 ,Email sent!,
2018-07-01 06:11:06,Roboreef ORP is too high. ORP = 351.31875 ,Email sent!,
2018-07-01 06:13:11,Roboreef ORP is too high. ORP = 351.3875 ,Email sent!,
2018-07-01 06:15:16,Roboreef ORP is too high. ORP = 351.45624999999995 ,Email sent!,
2018-07-01 06:17:21,Roboreef ORP is too high. ORP = 351.5625 ,Email sent!,
2018-07-01 06:19:26,Roboreef ORP is too high. ORP = 351.55625 ,Email sent!,
2018-07-01 06:21:32,Roboreef ORP is too high. ORP = 351.75 ,Email sent!,
2018-07-01 06:23:39,Roboreef ORP is too high. ORP = 351.83125 ,Email sent!,
2018-07-01 06:25:44,Roboreef ORP is too high. ORP = 352.05 ,Email sent!,
2018-07-01 06:27:49,Roboreef ORP is too high. ORP = 351.97499999999997 ,Email sent!,
2018-07-01 06:29:54,Roboreef ORP is too high. ORP = 352.01249999999993 ,Email sent!,
2018-07-01 06:31:59,Roboreef ORP is too high. ORP = 352.08125 ,Email sent!,
2018-07-01 06:34:03,Roboreef ORP is too high. ORP = 352.24375 ,Email sent!,
2018-07-01 06:36:08,Roboreef ORP is too high. ORP = 352.3125 ,Email sent!,
2018-07-01 06:38:14,Roboreef ORP is too high. ORP = 352.31875 ,Email sent!,
2018-07-01 06:40:19,Roboreef ORP is too high. ORP = 352.20000000000005 ,Email sent!,
2018-07-01 06:42:24,Roboreef ORP is too high. ORP = 352.24375000000003 ,Email sent!,
2018-07-01 06:44:29,Roboreef ORP is too high. ORP = 352.275 ,Email sent!,
2018-07-01 06:46:34,Roboreef ORP is too high. ORP = 352.3 ,Email sent!,
2018-07-01 06:48:40,Roboreef ORP is too high. ORP = 352.3125 ,Email sent!,
2018-07-01 06:50:46,Roboreef ORP is too high. ORP = 352.4125 ,Email sent!,
2018-07-01 06:52:51,Roboreef ORP is too high. ORP = 352.48125 ,Email sent!,
2018-07-01 06:54:56,Roboreef ORP is too high. ORP = 352.24375 ,Email sent!,
2018-07-01 06:57:02,Roboreef ORP is too high. ORP = 351.59375 ,Email sent!,
2018-07-01 06:59:07,Roboreef ORP is too high. ORP = 351.53125 ,Email sent!,
2018-07-01 07:01:12,Roboreef ORP is too high. ORP = 351.60625 ,Email sent!,
2018-07-01 07:03:18,Roboreef ORP is too high. ORP = 351.43125 ,Email sent!,
2018-07-01 07:05:23,Roboreef ORP is too high. ORP = 351.3375 ,Email sent!,
2018-07-01 07:07:28,Roboreef ORP is too high. ORP = 351.36875 ,Email sent!,
2018-07-01 07:09:33,Roboreef ORP is too high. ORP = 351.38125 ,Email sent!,
2018-07-01 07:11:39,Roboreef ORP is too high. ORP = 351.1875 ,Email sent!,
2018-07-01 07:13:46,Roboreef ORP is too high. ORP = 351.21875 ,Email sent!,
2018-07-01 07:15:56,Roboreef ORP is too high. ORP = 351.0125 ,Email sent!,
2018-07-01 07:18:01,Roboreef ORP is too high. ORP = 350.9 ,Email sent!,
2018-07-01 07:20:08,Roboreef ORP is too high. ORP = 350.91249999999997 ,Email sent!,
2018-07-01 07:22:14,Roboreef ORP is too high. ORP = 350.85 ,Email sent!,
2018-07-01 07:24:20,Roboreef ORP is too high. ORP = 350.71875 ,Email sent!,
2018-07-01 07:26:25,Roboreef ORP is too high. ORP = 350.5625 ,Email sent!,
2018-07-01 07:28:30,Roboreef ORP is too high. ORP = 350.41875 ,Email sent!,
2018-07-01 07:30:36,Roboreef ORP is too high. ORP = 350.26250000000005 ,Email sent!,
2018-07-01 07:32:42,Roboreef ORP is too high. ORP = 350.2625 ,Email sent!,
2018-07-01 07:34:47,Roboreef ORP is too high. ORP = 350.28125 ,Email sent!,
2018-07-01 23:37:22,Roboreef DO is too low. DO = 4.991875 ,Email sent!,
2018-07-01 23:39:33,Roboreef DO is too low. DO = 4.970625 ,Email sent!,
2018-07-04 15:58:47,Roboreef is too cold. Temp = -39.090125 c ,Email sent!,
2018-07-07 13:04:27,Roboreef EC2 is too high. EC2 = 37.0 ,Email sent!,
2018-07-07 13:14:33,Roboreef EC2 is too high. EC2 = 37.03125 ,Email sent!,
2018-07-10 19:05:34,Roboreef EC2 is too low. EC2 = 32.624375 ,Email sent!,
2018-07-10 20:00:07,Roboreef EC1 is too low. EC1 = 16264.6875 ,Email sent!,
2018-07-10 20:00:09,Roboreef EC2 is too low. EC2 = 10.707500000000001 ,Email sent!,
2018-07-10 20:02:36,Roboreef EC2 is too low. EC2 = 29.6675 ,Email sent!,
2018-07-13 14:21:22,Roboreef is too cold. Temp = 24.7563125 c ,Email sent!,
2018-07-13 14:25:34,Roboreef is too cold. Temp = 24.9201875 c ,Email sent!,
2018-07-13 14:28:19,Roboreef is too cold. Temp = 24.83825 c ,Email sent!,
2018-07-13 14:51:52,Roboreef is too hot. Temp = 28.095 C  ,Email sent!,
2018-07-13 14:51:54,Roboreef EC2 is too low. EC2 = 32.830625 ,Email sent!,
2018-07-13 14:54:41,Roboreef is too hot. Temp = 28.5429375 C  ,Email sent!,
2018-07-13 14:54:43,Roboreef EC2 is too low. EC2 = 32.574375 ,Email sent!,
2018-07-13 14:57:31,Roboreef is too hot. Temp = 28.86475 C  ,Email sent!,
2018-07-13 14:57:33,Roboreef EC2 is too low. EC2 = 32.236875 ,Email sent!,
2018-07-13 15:16:04,Roboreef is too hot. Temp = 32.95575 C  ,Email sent!,
2018-07-13 15:16:05,Roboreef EC2 is too low. EC2 = 29.667499999999997 ,Email sent!,
2018-07-13 15:18:40,Roboreef is too hot. Temp = 32.860749999999996 C  ,Email sent!,
2018-07-13 15:18:42,Roboreef EC2 is too low. EC2 = 29.751250000000002 ,Email sent!,
2018-07-13 15:21:17,Roboreef is too hot. Temp = 32.842625 C  ,Email sent!,
2018-07-13 15:21:19,Roboreef EC2 is too low. EC2 = 29.771875 ,Email sent!,
2018-07-13 15:23:54,Roboreef is too hot. Temp = 32.8513125 C  ,Email sent!,
2018-07-13 15:23:56,Roboreef EC2 is too low. EC2 = 29.774375 ,Email sent!,
2018-07-13 15:26:31,Roboreef is too hot. Temp = 32.8601875 C  ,Email sent!,
2018-07-13 15:26:32,Roboreef EC2 is too low. EC2 = 29.746250000000003 ,Email sent!,
2018-07-13 15:29:17,Roboreef is too hot. Temp = 32.87525 C  ,Email sent!,
2018-07-13 15:29:19,Roboreef EC2 is too low. EC2 = 29.749375 ,Email sent!,
2018-07-13 15:32:01,Roboreef is too hot. Temp = 32.905625 C  ,Email sent!,
2018-07-13 15:32:03,Roboreef EC2 is too low. EC2 = 29.70875 ,Email sent!,
2018-07-13 15:34:38,Roboreef is too hot. Temp = 32.9295 C  ,Email sent!,
2018-07-13 15:34:40,Roboreef EC2 is too low. EC2 = 29.622500000000002 ,Email sent!,
2018-07-13 15:37:17,Roboreef is too hot. Temp = 32.952937500000004 C  ,Email sent!,
2018-07-13 15:37:19,Roboreef EC2 is too low. EC2 = 29.636875000000003 ,Email sent!,
2018-07-13 15:39:54,Roboreef is too hot. Temp = 32.97775 C  ,Email sent!,
2018-07-13 15:39:56,Roboreef EC2 is too low. EC2 = 29.695625 ,Email sent!,
2018-07-13 15:42:31,Roboreef is too hot. Temp = 32.93425 C  ,Email sent!,
2018-07-13 15:42:32,Roboreef EC2 is too low. EC2 = 30.358124999999998 ,Email sent!,
2018-07-13 15:47:35,Roboreef is too hot. Temp = 32.943375 C  ,Email sent!,
2018-07-13 15:47:37,Roboreef EC2 is too low. EC2 = 30.60375 ,Email sent!,
2018-07-13 15:52:07,Roboreef is too hot. Temp = 29.1910625 C  ,Email sent!,
2018-07-13 15:52:09,Roboreef EC2 is too low. EC2 = 32.604375000000005 ,Email sent!,
2018-07-15 13:26:16,Roboreef is too cold. Temp = 24.951625 c ,Email sent!,
2018-07-15 13:34:56,Roboreef is too hot. Temp = 31.15625 C  ,Email sent!,
2018-07-15 13:34:57,Roboreef EC2 is too low. EC2 = 31.3325 ,Email sent!,
2018-07-15 13:37:32,Roboreef is too hot. Temp = 32.82275 C  ,Email sent!,
2018-07-15 13:37:34,Roboreef EC2 is too low. EC2 = 30.245 ,Email sent!,
2018-07-19 00:32:40,Roboreef is too cold. Temp = 24.891187499999997 c ,Email sent!,
2018-07-19 04:38:58,Roboreef ORP is too low. ORP = 95.48124999999999 ,Email sent!,
2018-07-19 07:17:54,Roboreef ORP is too low. ORP = 89.80625 ,Email sent!,
2018-07-19 07:20:29,Roboreef ORP is too low. ORP = 84.3375 ,Email sent!,
2018-07-20 14:06:20,Roboreef is too hot. Temp = 28.00225 C  ,Email sent!,
2018-07-20 14:08:55,Roboreef is too hot. Temp = 28.008625 C  ,Email sent!,
2018-07-20 14:11:30,Roboreef is too hot. Temp = 28.007687500000003 C  ,Email sent!,
2018-07-20 14:14:05,Roboreef is too hot. Temp = 28.013 C  ,Email sent!,
2018-07-20 14:16:41,Roboreef is too hot. Temp = 28.015 C  ,Email sent!,
2018-07-20 14:19:16,Roboreef is too hot. Temp = 28.018250000000002 C  ,Email sent!,
2018-07-20 14:19:18,Roboreef EC2 is too low. EC2 = 32.844375 ,Email sent!,
2018-07-20 14:21:53,Roboreef is too hot. Temp = 28.016624999999998 C  ,Email sent!,
2018-07-20 14:24:28,Roboreef is too hot. Temp = 28.027812500000003 C  ,Email sent!,
2018-07-20 14:27:03,Roboreef is too hot. Temp = 28.032 C  ,Email sent!,
2018-07-20 14:29:38,Roboreef is too hot. Temp = 28.036625 C  ,Email sent!,
2018-07-20 14:32:14,Roboreef is too hot. Temp = 28.034625000000002 C  ,Email sent!,
2018-07-20 14:34:49,Roboreef is too hot. Temp = 28.039187500000004 C  ,Email sent!,
2018-07-20 14:37:24,Roboreef is too hot. Temp = 28.043187500000002 C  ,Email sent!,
2018-07-20 14:39:59,Roboreef is too hot. Temp = 28.0231875 C  ,Email sent!,
2018-07-20 14:42:35,Roboreef is too hot. Temp = 28.120125 C  ,Email sent!,
2018-07-20 14:45:10,Roboreef is too hot. Temp = 28.1319375 C  ,Email sent!,
2018-07-20 14:47:45,Roboreef is too hot. Temp = 28.10875 C  ,Email sent!,
2018-07-20 14:50:20,Roboreef is too hot. Temp = 28.105875 C  ,Email sent!,
2018-07-20 14:52:55,Roboreef is too hot. Temp = 28.107687500000004 C  ,Email sent!,
2018-07-20 14:55:30,Roboreef is too hot. Temp = 28.108562499999998 C  ,Email sent!,
2018-07-20 14:58:05,Roboreef is too hot. Temp = 28.111937500000003 C  ,Email sent!,
2018-07-20 15:00:40,Roboreef is too hot. Temp = 28.109 C  ,Email sent!,
2018-07-20 15:03:16,Roboreef is too hot. Temp = 28.109125 C  ,Email sent!,
2018-07-20 15:05:51,Roboreef is too hot. Temp = 28.11125 C  ,Email sent!,
2018-07-20 15:08:26,Roboreef is too hot. Temp = 28.114124999999998 C  ,Email sent!,
2018-07-20 15:11:02,Roboreef is too hot. Temp = 28.115875 C  ,Email sent!,
2018-07-20 15:13:37,Roboreef is too hot. Temp = 28.117 C  ,Email sent!,
2018-07-20 15:16:19,Roboreef is too hot. Temp = 28.119500000000002 C  ,Email sent!,
2018-07-20 15:18:54,Roboreef is too hot. Temp = 28.12225 C  ,Email sent!,
2018-07-20 15:21:30,Roboreef is too hot. Temp = 28.1254375 C  ,Email sent!,
2018-07-20 15:24:05,Roboreef is too hot. Temp = 28.1291875 C  ,Email sent!,
2018-07-20 15:26:40,Roboreef is too hot. Temp = 28.1325 C  ,Email sent!,
2018-07-20 15:29:16,Roboreef is too hot. Temp = 28.136 C  ,Email sent!,
2018-07-20 15:31:51,Roboreef is too hot. Temp = 28.139 C  ,Email sent!,
2018-07-20 15:34:26,Roboreef is too hot. Temp = 28.137875 C  ,Email sent!,
2018-07-20 15:37:01,Roboreef is too hot. Temp = 28.1424375 C  ,Email sent!,
2018-07-20 15:39:37,Roboreef is too hot. Temp = 28.1445625 C  ,Email sent!,
2018-07-20 15:42:12,Roboreef is too hot. Temp = 28.1435625 C  ,Email sent!,
2018-07-20 15:44:47,Roboreef is too hot. Temp = 28.144312499999998 C  ,Email sent!,
2018-07-20 15:47:22,Roboreef is too hot. Temp = 28.14425 C  ,Email sent!,
2018-07-20 15:49:57,Roboreef is too hot. Temp = 28.148562499999997 C  ,Email sent!,
2018-07-20 15:52:33,Roboreef is too hot. Temp = 28.1498125 C  ,Email sent!,
2018-07-20 15:55:08,Roboreef is too hot. Temp = 28.1506875 C  ,Email sent!,
2018-07-20 15:57:43,Roboreef is too hot. Temp = 28.148687499999998 C  ,Email sent!,
2018-07-21 12:38:32,Roboreef is too hot. Temp = 28.5043125 C  ,Email sent!,
2018-07-21 12:41:08,Roboreef is too hot. Temp = 28.51125 C  ,Email sent!,
2018-07-21 12:43:43,Roboreef is too hot. Temp = 28.5195 C  ,Email sent!,
2018-07-21 12:46:18,Roboreef is too hot. Temp = 28.533125 C  ,Email sent!,
2018-07-21 12:48:53,Roboreef is too hot. Temp = 28.5405625 C  ,Email sent!,
2018-07-21 12:51:29,Roboreef is too hot. Temp = 28.5438125 C  ,Email sent!,
2018-07-21 12:54:04,Roboreef is too hot. Temp = 28.55575 C  ,Email sent!,
2018-07-21 12:56:39,Roboreef is too hot. Temp = 28.5704375 C  ,Email sent!,
2018-07-21 12:59:15,Roboreef is too hot. Temp = 28.5733125 C  ,Email sent!,
2018-07-21 13:01:50,Roboreef is too hot. Temp = 28.580937499999997 C  ,Email sent!,
2018-07-21 13:04:26,Roboreef is too hot. Temp = 28.58825 C  ,Email sent!,
2018-07-21 13:07:01,Roboreef is too hot. Temp = 28.5953125 C  ,Email sent!,
2018-07-21 13:09:37,Roboreef is too hot. Temp = 28.6054375 C  ,Email sent!,
2018-07-21 13:12:13,Roboreef is too hot. Temp = 28.6115 C  ,Email sent!,
2018-07-21 13:14:48,Roboreef is too hot. Temp = 28.617125 C  ,Email sent!,
2018-07-21 13:17:26,Roboreef is too hot. Temp = 28.6245625 C  ,Email sent!,
2018-07-21 13:20:02,Roboreef is too hot. Temp = 28.628749999999997 C  ,Email sent!,
2018-07-21 13:22:52,Roboreef is too hot. Temp = 28.6453125 C  ,Email sent!,
2018-07-21 13:25:27,Roboreef is too hot. Temp = 28.654625 C  ,Email sent!,
2018-07-21 13:28:03,Roboreef is too hot. Temp = 28.6626875 C  ,Email sent!,
2018-07-21 13:30:38,Roboreef is too hot. Temp = 28.662937499999998 C  ,Email sent!,
2018-07-21 13:33:14,Roboreef is too hot. Temp = 28.663062500000002 C  ,Email sent!,
2018-07-21 13:35:49,Roboreef is too hot. Temp = 28.6779375 C  ,Email sent!,
2018-07-21 13:38:24,Roboreef is too hot. Temp = 28.6845 C  ,Email sent!,
2018-07-21 13:41:00,Roboreef is too hot. Temp = 28.689 C  ,Email sent!,
2018-07-21 13:43:35,Roboreef is too hot. Temp = 28.7006875 C  ,Email sent!,
2018-07-21 13:46:10,Roboreef is too hot. Temp = 28.7058125 C  ,Email sent!,
2018-07-21 13:48:45,Roboreef is too hot. Temp = 28.708624999999998 C  ,Email sent!,
2018-07-21 13:51:21,Roboreef is too hot. Temp = 28.7145 C  ,Email sent!,
2018-07-21 13:53:56,Roboreef is too hot. Temp = 28.717937499999998 C  ,Email sent!,
2018-07-21 13:56:31,Roboreef is too hot. Temp = 28.72725 C  ,Email sent!,
2018-07-21 13:59:07,Roboreef is too hot. Temp = 28.72875 C  ,Email sent!,
2018-07-21 14:01:42,Roboreef is too hot. Temp = 28.7428125 C  ,Email sent!,
2018-07-21 14:04:18,Roboreef is too hot. Temp = 28.7534375 C  ,Email sent!,
2018-07-21 14:06:53,Roboreef is too hot. Temp = 28.763375 C  ,Email sent!,
2018-07-21 14:09:31,Roboreef is too hot. Temp = 28.758750000000003 C  ,Email sent!,
2018-07-21 14:12:07,Roboreef is too hot. Temp = 28.7664375 C  ,Email sent!,
2018-07-21 14:14:44,Roboreef is too hot. Temp = 28.772375 C  ,Email sent!,
2018-07-21 14:17:24,Roboreef is too hot. Temp = 28.7793125 C  ,Email sent!,
2018-07-21 14:19:59,Roboreef is too hot. Temp = 28.7875 C  ,Email sent!,
2018-07-21 14:22:35,Roboreef is too hot. Temp = 28.789437500000002 C  ,Email sent!,
2018-07-21 14:25:10,Roboreef is too hot. Temp = 28.7980625 C  ,Email sent!,
2018-07-21 14:27:45,Roboreef is too hot. Temp = 28.8010625 C  ,Email sent!,
2018-07-21 14:30:20,Roboreef is too hot. Temp = 28.8104375 C  ,Email sent!,
2018-07-21 14:32:56,Roboreef is too hot. Temp = 28.821250000000003 C  ,Email sent!,
2018-07-21 14:35:31,Roboreef is too hot. Temp = 28.823 C  ,Email sent!,
2018-07-21 14:38:06,Roboreef is too hot. Temp = 28.829562499999998 C  ,Email sent!,
2018-07-21 14:40:42,Roboreef is too hot. Temp = 28.8358125 C  ,Email sent!,
2018-07-21 14:43:17,Roboreef is too hot. Temp = 28.8410625 C  ,Email sent!,
2018-07-21 14:45:52,Roboreef is too hot. Temp = 28.848875 C  ,Email sent!,
2018-07-21 14:48:27,Roboreef is too hot. Temp = 28.8518125 C  ,Email sent!,
2018-07-21 14:51:03,Roboreef is too hot. Temp = 28.8565 C  ,Email sent!,
2018-07-21 14:53:39,Roboreef is too hot. Temp = 28.862562499999996 C  ,Email sent!,
2018-07-21 14:56:14,Roboreef is too hot. Temp = 28.8705 C  ,Email sent!,
2018-07-21 14:58:50,Roboreef is too hot. Temp = 28.8741875 C  ,Email sent!,
2018-07-21 15:01:25,Roboreef is too hot. Temp = 28.884 C  ,Email sent!,
2018-07-21 15:04:00,Roboreef is too hot. Temp = 28.885375 C  ,Email sent!,
2018-07-21 15:06:36,Roboreef is too hot. Temp = 28.8909375 C  ,Email sent!,
2018-07-22 13:13:47,Roboreef EC1 is too low. EC1 = 23880.64375 ,Email sent!,
2018-07-22 13:13:49,Roboreef EC2 is too low. EC2 = 15.524999999999999 ,Email sent!,
2018-07-23 13:08:58,Roboreef EC2 is too low. EC2 = 32.98625 ,Email sent!,
2018-07-23 13:11:34,Roboreef EC2 is too low. EC2 = 32.976875 ,Email sent!,
2018-07-23 13:14:09,Roboreef EC2 is too low. EC2 = 32.964375 ,Email sent!,
2018-07-23 13:16:45,Roboreef EC2 is too low. EC2 = 32.99 ,Email sent!,
2018-07-25 20:25:04,Roboreef is too hot. Temp = 29.729125 C  ,Email sent!,
2018-07-25 20:27:39,Roboreef is too hot. Temp = 29.7271875 C  ,Email sent!,
2018-07-25 20:30:15,Roboreef is too hot. Temp = 29.7474375 C  ,Email sent!,
2018-07-25 20:32:50,Roboreef is too hot. Temp = 29.753625 C  ,Email sent!,
2018-07-25 20:35:25,Roboreef is too hot. Temp = 29.75625 C  ,Email sent!,
2018-07-25 20:38:01,Roboreef is too hot. Temp = 29.762437499999997 C  ,Email sent!,
2018-07-25 20:40:36,Roboreef is too hot. Temp = 29.7594375 C  ,Email sent!,
2018-07-25 20:43:11,Roboreef is too hot. Temp = 29.763 C  ,Email sent!,
2018-07-25 20:45:46,Roboreef is too hot. Temp = 29.7560625 C  ,Email sent!,
2018-07-25 20:48:22,Roboreef is too hot. Temp = 29.757625 C  ,Email sent!,
2018-07-25 20:50:57,Roboreef is too hot. Temp = 29.7538125 C  ,Email sent!,
2018-07-25 20:53:32,Roboreef is too hot. Temp = 29.762375 C  ,Email sent!,
2018-07-25 20:56:07,Roboreef is too hot. Temp = 29.7680625 C  ,Email sent!,
2018-07-25 20:58:42,Roboreef is too hot. Temp = 29.7584375 C  ,Email sent!,
2018-07-25 21:01:18,Roboreef is too hot. Temp = 29.756875 C  ,Email sent!,
2018-08-05 16:13:58,Roboreef EC2 is too low. EC2 = 27.774375 ,Email sent!,
2018-08-06 14:17:17,Roboreef is too cold. Temp = -39.431937500000004 c ,Email sent!,
2018-08-06 14:17:20,Roboreef EC2 is too low. EC2 = 31.516875 ,Email sent!,
2018-08-06 14:54:36,pH sensor error,Email sent!,
2018-08-06 14:54:38,ORP sensor error,Email sent!,
2018-08-06 14:54:39,DO sensor error,Email sent!,
2018-08-06 14:54:41,DO2 sensor error,Email sent!,
2018-08-06 14:54:43,DO sensor error,Email sent!,
2018-08-06 14:54:44,DO sensor error,Email sent!,
2018-08-06 14:57:40,Temp sensor error,Email sent!,
2018-08-06 14:57:41,DO sensor error,Email sent!,
2018-08-06 14:57:43,DO2 sensor error,Email sent!,
2018-08-06 14:57:45,DO sensor error,Email sent!,
2018-08-06 14:57:47,DO sensor error,Email sent!,
2018-08-08 13:37:50,Roboreef DO is too low. DO = 3.995 ,Email sent!,
2018-08-08 13:40:25,Roboreef DO is too low. DO = 3.9525 ,Email sent!,
2018-08-08 13:43:01,Roboreef DO is too low. DO = 3.93125 ,Email sent!,
2018-08-08 13:45:36,Roboreef DO is too low. DO = 3.940625 ,Email sent!,
2018-08-08 13:48:11,Roboreef DO is too low. DO = 3.944375 ,Email sent!,
2018-08-08 13:50:46,Roboreef DO is too low. DO = 3.880625 ,Email sent!,
2018-08-08 13:53:21,Roboreef DO is too low. DO = 3.8762499999999998 ,Email sent!,
2018-08-08 13:55:56,Roboreef DO is too low. DO = 3.9362500000000002 ,Email sent!,
2018-08-08 13:58:31,Roboreef DO is too low. DO = 3.895625 ,Email sent!,
